Handle,Title,Body (HTML),Vendor,Type,Tags,Published,Option1 Name,Option1 Value,Option2 Name,Option2 Value,Variant SKU,Variant Inventory Tracker,Variant Inventory Qty,Variant Inventory Policy,Variant Fulfillment Service,Variant Price,Variant Requires Shipping,Variant Taxable,Image Src,Image Position,Image Alt Text,Variant Image,Status
akino-solid-black,AKINO Solid Black Oversized Tee,"<p>AKINO Solid Black Oversized Tee</p><ul><li>Terry cotton</li><li>Color options: Black - 220 GSM / Dark Ash - 180 GSM</li><li>Sizes: Black (M, XL) / Dark Ash (M, L, XL)</li><li>Oversized drop-shoulder fit</li></ul>",AKINO,Drop Shoulder Tee,"terry,drop-shoulder,streetwear,solid",TRUE,Color,Black - 220 GSM,Size,M,akino-solid-black-blk-m,shopify,10,deny,manual,550.00,TRUE,TRUE,https://res.cloudinary.com/hua42kke/image/upload/v1786682549/akino/ready/akino-solid-black-1.jpg,1,AKINO Solid Black Oversized Tee,,active
akino-solid-black,,,,,,,,Black - 220 GSM,,XL,akino-solid-black-blk-xl,shopify,10,deny,manual,550.00,TRUE,TRUE,,,,,
akino-solid-black,,,,,,,,Dark Ash - 180 GSM,,M,akino-solid-black-ash-m,shopify,10,deny,manual,550.00,TRUE,TRUE,,,,,
akino-solid-black,,,,,,,,Dark Ash - 180 GSM,,L,akino-solid-black-ash-l,shopify,10,deny,manual,550.00,TRUE,TRUE,,,,,
akino-solid-black,,,,,,,,Dark Ash - 180 GSM,,XL,akino-solid-black-ash-xl,shopify,10,deny,manual,550.00,TRUE,TRUE,,,,,
akino-solid-black,,,,,,,,,,,,,,,,,,,https://res.cloudinary.com/hua42kke/image/upload/v1786682550/akino/ready/akino-solid-black-2.jpg,2,AKINO Solid Black Oversized Tee,,
akino-solid-black,,,,,,,,,,,,,,,,,,,https://res.cloudinary.com/hua42kke/image/upload/v1786682550/akino/ready/akino-solid-black-3.jpg,3,AKINO Solid Black Oversized Tee,,
akino-solid-black,,,,,,,,,,,,,,,,,,,https://res.cloudinary.com/hua42kke/image/upload/v1786682551/akino/ready/akino-solid-black-4.jpg,4,AKINO Solid Black Oversized Tee,,
akino-dusty-formal-pants,AKINO Dusty Formal Pants,"<p>AKINO Dusty Formal Pants</p><ul><li>Premium Chinese Cherry fabric</li><li>Lightweight, breathable, and effortlessly stylish</li><li>Color: Dusty</li><li>Sizes: S, M, L, XL</li><li>Wide-leg formal fit with elastic waist</li></ul>",AKINO,Formal Pants,"formal,pants,dusty,cherry-fabric,streetwear",TRUE,Color,Dusty,Size,S,akino-dusty-pants-s,shopify,10,deny,manual,700.00,TRUE,TRUE,https://res.cloudinary.com/hua42kke/image/upload/v1786682720/akino/ready/akino-dusty-formal-pants-1.jpg,1,AKINO Dusty Formal Pants,,active
akino-dusty-formal-pants,,,,,,,,Dusty,,M,akino-dusty-pants-m,shopify,10,deny,manual,700.00,TRUE,TRUE,,,,,
akino-dusty-formal-pants,,,,,,,,Dusty,,L,akino-dusty-pants-l,shopify,10,deny,manual,700.00,TRUE,TRUE,,,,,
akino-dusty-formal-pants,,,,,,,,Dusty,,XL,akino-dusty-pants-xl,shopify,10,deny,manual,700.00,TRUE,TRUE,,,,,
akino-dusty-formal-pants,,,,,,,,,,,,,,,,,,,https://res.cloudinary.com/hua42kke/image/upload/v1786682721/akino/ready/akino-dusty-formal-pants-2.jpg,2,AKINO Dusty Formal Pants,,
akino-dusty-formal-pants,,,,,,,,,,,,,,,,,,,https://res.cloudinary.com/hua42kke/image/upload/v1786682721/akino/ready/akino-dusty-formal-pants-3.jpg,3,AKINO Dusty Formal Pants,,
akino-utility-cargos,AKINO Utility Cargos,"<p>AKINO Utility Cargos</p><p>Sleek, black, and loaded with pocket space. Our new utility cargos have arrived.</p><ul><li>Utility cargo style with drawstring waist</li><li>Loaded with pocket space</li><li>Colors: Black / Blue</li><li>Sizes: S, M, L, XL</li><li>Relaxed wide-leg fit</li></ul>",AKINO,Cargo Pants,"cargo,utility,streetwear,pants",TRUE,Color,Black,Size,S,akino-cargos-black-s,shopify,10,deny,manual,700.00,TRUE,TRUE,https://res.cloudinary.com/hua42kke/image/upload/v1786682927/akino/ready/akino-utility-cargos-1.jpg,1,AKINO Utility Cargos,https://res.cloudinary.com/hua42kke/image/upload/v1786682927/akino/ready/akino-utility-cargos-1.jpg,active
akino-utility-cargos,,,,,,,,Black,,M,akino-cargos-black-m,shopify,10,deny,manual,700.00,TRUE,TRUE,,,,https://res.cloudinary.com/hua42kke/image/upload/v1786682927/akino/ready/akino-utility-cargos-1.jpg,
akino-utility-cargos,,,,,,,,Black,,L,akino-cargos-black-l,shopify,10,deny,manual,700.00,TRUE,TRUE,,,,https://res.cloudinary.com/hua42kke/image/upload/v1786682927/akino/ready/akino-utility-cargos-1.jpg,
akino-utility-cargos,,,,,,,,Black,,XL,akino-cargos-black-xl,shopify,10,deny,manual,700.00,TRUE,TRUE,,,,https://res.cloudinary.com/hua42kke/image/upload/v1786682927/akino/ready/akino-utility-cargos-1.jpg,
akino-utility-cargos,,,,,,,,Blue,,S,akino-cargos-blue-s,shopify,10,deny,manual,700.00,TRUE,TRUE,,,,https://res.cloudinary.com/hua42kke/image/upload/v1786682929/akino/ready/akino-utility-cargos-4.jpg,
akino-utility-cargos,,,,,,,,Blue,,M,akino-cargos-blue-m,shopify,10,deny,manual,700.00,TRUE,TRUE,,,,https://res.cloudinary.com/hua42kke/image/upload/v1786682929/akino/ready/akino-utility-cargos-4.jpg,
akino-utility-cargos,,,,,,,,Blue,,L,akino-cargos-blue-l,shopify,10,deny,manual,700.00,TRUE,TRUE,,,,https://res.cloudinary.com/hua42kke/image/upload/v1786682929/akino/ready/akino-utility-cargos-4.jpg,
akino-utility-cargos,,,,,,,,Blue,,XL,akino-cargos-blue-xl,shopify,10,deny,manual,700.00,TRUE,TRUE,,,,https://res.cloudinary.com/hua42kke/image/upload/v1786682929/akino/ready/akino-utility-cargos-4.jpg,
akino-utility-cargos,,,,,,,,,,,,,,,,,,,https://res.cloudinary.com/hua42kke/image/upload/v1786682928/akino/ready/akino-utility-cargos-2.jpg,2,AKINO Utility Cargos,,
akino-utility-cargos,,,,,,,,,,,,,,,,,,,https://res.cloudinary.com/hua42kke/image/upload/v1786682929/akino/ready/akino-utility-cargos-3.jpg,3,AKINO Utility Cargos,,
akino-utility-cargos,,,,,,,,,,,,,,,,,,,https://res.cloudinary.com/hua42kke/image/upload/v1786682929/akino/ready/akino-utility-cargos-4.jpg,4,AKINO Utility Cargos,,
akino-dusty-blue-casual-denim,AKINO Dusty Blue Casual Denim,"<p>AKINO Dusty Blue Casual Denim</p><ul><li>Casual denim without cargo pockets</li><li>Soft wide-leg fit with drawstring waist</li><li>Color: Dusty Blue</li><li>Sizes: S, M, L, XL</li></ul>",AKINO,Casual Denim,"denim,casual,dusty-blue,streetwear,pants",TRUE,Color,Dusty Blue,Size,S,akino-dusty-blue-denim-s,shopify,10,deny,manual,700.00,TRUE,TRUE,https://res.cloudinary.com/hua42kke/image/upload/v1786683157/akino/ready/akino-dusty-blue-casual-denim-1.jpg,1,AKINO Dusty Blue Casual Denim,,active
akino-dusty-blue-casual-denim,,,,,,,,Dusty Blue,,M,akino-dusty-blue-denim-m,shopify,10,deny,manual,700.00,TRUE,TRUE,,,,,
akino-dusty-blue-casual-denim,,,,,,,,Dusty Blue,,L,akino-dusty-blue-denim-l,shopify,10,deny,manual,700.00,TRUE,TRUE,,,,,
akino-dusty-blue-casual-denim,,,,,,,,Dusty Blue,,XL,akino-dusty-blue-denim-xl,shopify,10,deny,manual,700.00,TRUE,TRUE,,,,,
akino-dusty-blue-casual-denim,,,,,,,,,,,,,,,,,,,https://res.cloudinary.com/hua42kke/image/upload/v1786683158/akino/ready/akino-dusty-blue-casual-denim-2.jpg,2,AKINO Dusty Blue Casual Denim,,
akino-blue-denim-with-pocket,AKINO Blue Denim with Pocket,"<p>AKINO Blue Denim with Pocket</p><ul><li>Blue denim cargo pants with flap pockets</li><li>Elastic drawstring waist</li><li>Wide-leg relaxed fit</li><li>Color: Blue</li><li>Sizes: S, M, L, XL</li></ul>",AKINO,Denim Cargo,"denim,cargo,blue,streetwear,pants",TRUE,Color,Blue,Size,S,akino-blue-denim-pocket-s,shopify,10,deny,manual,700.00,TRUE,TRUE,https://res.cloudinary.com/hua42kke/image/upload/v1786683316/akino/ready/akino-blue-denim-with-pocket-1.jpg,1,AKINO Blue Denim with Pocket,,active
akino-blue-denim-with-pocket,,,,,,,,Blue,,M,akino-blue-denim-pocket-m,shopify,10,deny,manual,700.00,TRUE,TRUE,,,,,
akino-blue-denim-with-pocket,,,,,,,,Blue,,L,akino-blue-denim-pocket-l,shopify,10,deny,manual,700.00,TRUE,TRUE,,,,,
akino-blue-denim-with-pocket,,,,,,,,Blue,,XL,akino-blue-denim-pocket-xl,shopify,10,deny,manual,700.00,TRUE,TRUE,,,,,
akino-blue-denim-with-pocket,,,,,,,,,,,,,,,,,,,https://res.cloudinary.com/hua42kke/image/upload/v1786683317/akino/ready/akino-blue-denim-with-pocket-2.jpg,2,AKINO Blue Denim with Pocket,,
