Handle,Command,Title
"akino-world-cup-2026-tshirt-portugal",DELETE,"FIFA World Cup 2026 T-Shirt Portugal"
"akino-world-cup-2026-tshirt-argentina",DELETE,"FIFA World Cup 2026 T-Shirt Argentina"
"akino-world-cup-2026-tshirt-brasil",DELETE,"FIFA World Cup 2026 T-Shirt Brasil"
"ak-jer-10",DELETE,"FIFA World Cup 2026 Jercy Portugal (Black)"
"ak-jer-09",DELETE,"FIFA World Cup 2026 Jercy Portugal (White)"
"ak-jer-08",DELETE,"FIFA World Cup 2026 Jercy Germany (Black)"
"ak-jer-07",DELETE,"FIFA World Cup 2026 Jercy Germany (White)"
"ak-jer-06",DELETE,"FIFA World Cup 2026 Jercy France (Black)"
"ak-jer-05",DELETE,"FIFA World Cup 2026 Jercy France (White)"
"ak-jer-04",DELETE,"FIFA World Cup 2026 Jercy Brasil (Black)"
"ak-jer-03",DELETE,"FIFA World Cup 2026 Jercy Brasil (White)"
"ak-jer-02",DELETE,"FIFA World Cup 2026 Jercy Argentina (Black)"
"ak-jer-01",DELETE,"FIFA World Cup 2026 Jercy Argentina (White)"
"akino-mens-drop-shoulder-anime-tee-16",DELETE,"AKINO Men's Oversized Drop Shoulder Anime Tee 16"
"akino-mens-drop-shoulder-anime-tee-15",DELETE,"AKINO Men's Oversized Drop Shoulder Anime Tee 15"
"akino-mens-drop-shoulder-anime-tee-14",DELETE,"AKINO Men's Oversized Drop Shoulder Anime Tee 14"
"akino-mens-drop-shoulder-anime-tee-13",DELETE,"AKINO Men's Oversized Drop Shoulder Anime Tee 13"
"akino-mens-drop-shoulder-anime-tee-12",DELETE,"AKINO Men's Oversized Drop Shoulder Anime Tee 12"
"akino-mens-drop-shoulder-anime-tee-11",DELETE,"AKINO Men's Oversized Drop Shoulder Anime Tee 11"
"akino-mens-drop-shoulder-anime-tee-10",DELETE,"AKINO Men's Oversized Drop Shoulder Anime Tee 10"
"akino-mens-drop-shoulder-anime-tee-09",DELETE,"AKINO Men's Oversized Drop Shoulder Anime Tee 09"
"akino-mens-drop-shoulder-anime-tee-08",DELETE,"AKINO Men's Oversized Drop Shoulder Anime Tee 08"
"akino-mens-drop-shoulder-anime-tee-07",DELETE,"AKINO Men's Oversized Drop Shoulder Anime Tee 07"
"akino-mens-drop-shoulder-anime-tee-06",DELETE,"AKINO Men's Oversized Drop Shoulder Anime Tee 06"
"akino-mens-drop-shoulder-anime-tee-05",DELETE,"AKINO Men's Oversized Drop Shoulder Anime Tee 05"
"akino-mens-drop-shoulder-anime-tee-04",DELETE,"AKINO Men's Oversized Drop Shoulder Anime Tee 04"
"akino-mens-drop-shoulder-anime-tee-03",DELETE,"AKINO Men's Oversized Drop Shoulder Anime Tee 03"
"akino-mens-drop-shoulder-anime-tee-02",DELETE,"AKINO Men's Oversized Drop Shoulder Anime Tee 02"
"akino-mens-drop-shoulder-anime-tee-01",DELETE,"AKINO Men's Oversized Drop Shoulder Anime Tee 01"
"akino-mens-drop-shoulder-summer-tee-11",DELETE,"AKINO Men's Oversized Drop Shoulder Spider-Man Midnight Skyline Crawl"
"akino-mens-drop-shoulder-summer-tee-10",DELETE,"AKINO Men's Oversized Drop Shoulder Spider-Man Web Burst Classic"
"akino-mens-drop-shoulder-summer-tee-09",DELETE,"AKINO Men's Oversized Drop Shoulder Desert Rider Landscape"
"akino-mens-drop-shoulder-summer-tee-08",DELETE,"AKINO Men's Oversized Drop Shoulder Festival Prism Burst"
"akino-mens-drop-shoulder-summer-tee-07",DELETE,"AKINO Men's Oversized Drop Shoulder Smoke Stack Minimal Tone"
"akino-mens-drop-shoulder-summer-tee-06",DELETE,"AKINO Men's Oversized Drop Shoulder Tropic Punch Cartoon Pop"
"akino-mens-drop-shoulder-summer-tee-05",DELETE,"AKINO Men's Oversized Drop Shoulder Midnight Alley Sketch"
"akino-mens-drop-shoulder-summer-tee-04",DELETE,"AKINO Men's Oversized Drop Shoulder Retro Sport Block Typography"
"akino-mens-drop-shoulder-summer-tee-03",DELETE,"AKINO Men's Oversized Drop Shoulder Urban Jungle Fade"
"akino-mens-drop-shoulder-summer-tee-02",DELETE,"AKINO Men's Oversized Drop Shoulder Sun-Bleached Wash Street"
"akino-mens-drop-shoulder-summer-tee-01",DELETE,"AKINO Men's Oversized Drop Shoulder Coastal Chill Summer Graphic"
"akino-mens-drop-shoulder-one-piece-anime-12",DELETE,"AKINO Men's Oversized Drop Shoulder One Piece Anime 12"
"akino-mens-drop-shoulder-one-piece-anime-11",DELETE,"AKINO Men's Oversized Drop Shoulder One Piece Anime 11"
"akino-mens-drop-shoulder-one-piece-anime-10",DELETE,"AKINO Men's Oversized Drop Shoulder One Piece Anime 10"
"akino-mens-drop-shoulder-one-piece-anime-09",DELETE,"AKINO Men's Oversized Drop Shoulder One Piece Anime 09"
"akino-mens-drop-shoulder-one-piece-anime-08",DELETE,"AKINO Men's Oversized Drop Shoulder One Piece Anime 08"
"akino-mens-drop-shoulder-one-piece-anime-07",DELETE,"AKINO Men's Oversized Drop Shoulder One Piece Anime 07"
"akino-mens-drop-shoulder-one-piece-anime-06",DELETE,"AKINO Men's Oversized Drop Shoulder One Piece Anime 06"
"akino-mens-drop-shoulder-one-piece-anime-05",DELETE,"AKINO Men's Oversized Drop Shoulder One Piece Anime 05"
"akino-mens-drop-shoulder-one-piece-anime-04",DELETE,"AKINO Men's Oversized Drop Shoulder One Piece Anime 04"
"akino-mens-drop-shoulder-one-piece-anime-03",DELETE,"AKINO Men's Oversized Drop Shoulder One Piece Anime 03"
"akino-mens-drop-shoulder-one-piece-anime-02",DELETE,"AKINO Men's Oversized Drop Shoulder One Piece Anime 02"
"akino-mens-drop-shoulder-one-piece-anime-01",DELETE,"AKINO Men's Oversized Drop Shoulder One Piece Anime 01"
"ak-cpl-12",DELETE,"Parallel Lines Oversized Pair Tee"
"ak-cpl-11",DELETE,"Lowkey Flex Drop Sholder Heavy Tee"
"ak-cpl-10",DELETE,"Static Noise Oversized Couple Boxy Tee"
"ak-cpl-09",DELETE,"Cold Brew Drop Shoulder Heavyweight Tee"
"ak-cpl-08",DELETE,"Urban Legend Oversized Match Set"
"ak-cpl-07",DELETE,"Midnight Run Drop Sholder Duo Fit"
"ak-cpl-06",DELETE,"Vintage Voltage Oversized Street Tee"
"ak-cpl-05",DELETE,"Echo Chamber Drop-Shoulder Pair Set"
"ak-cpl-04",DELETE,"Concrete Jungle Oversized Box Tee"
"ak-cpl-03",DELETE,"Night Shift Drop Sholder Couple Tee"
"ak-cpl-02",DELETE,"Slim Shady Oversized over-sized T-shirt"
"ak-cpl-01",DELETE,"Takeover Oversized drop-sholder T-Shirt"
"akino-womens-oversized-tee-14",DELETE,"AKINO Women's Oversized Tee 14"
"akino-womens-oversized-tee-13",DELETE,"AKINO Women's Oversized Tee 13"
"akino-womens-oversized-tee-12",DELETE,"AKINO Women's Oversized Tee 12"
"akino-womens-oversized-tee-11",DELETE,"AKINO Women's Oversized Tee 11"
"akino-womens-oversized-tee-10",DELETE,"AKINO Women's Oversized Tee 10"
"akino-womens-oversized-tee-09",DELETE,"AKINO Women's Oversized Tee 09"
"akino-womens-oversized-tee-08",DELETE,"AKINO Women's Oversized Tee 08"
"akino-womens-oversized-tee-07",DELETE,"AKINO Women's Oversized Tee 07"
"akino-womens-oversized-tee-06",DELETE,"AKINO Women's Oversized Tee 06"
"akino-womens-oversized-tee-05",DELETE,"AKINO Women's Oversized Tee 05"
"akino-womens-oversized-tee-04",DELETE,"AKINO Women's Oversized Tee 04"
"akino-womens-oversized-tee-03",DELETE,"AKINO Women's Oversized Tee 03"
"akino-womens-oversized-tee-02",DELETE,"AKINO Women's Oversized Tee 02"
"akino-womens-oversized-tee-01",DELETE,"AKINO Women's Oversized Tee 01"
