Handle,Title,Body (HTML),Vendor,Type,Tags,Published,Option1 Name,Option1 Value,Variant SKU,Variant Inventory Tracker,Variant Inventory Qty,Variant Inventory Policy,Variant Fulfillment Service,Variant Price,Variant Requires Shipping,Variant Taxable,Image Src,Image Position,Image Alt Text,Status
akino-aot,AKINO AOT Oversized Tee,<p>AKINO AOT Oversized Tee</p><ul><li>DTF print</li><li>Color options: Black - 220 GSM / Dark Ash - 180 GSM</li><li>Oversized drop-shoulder fit</li></ul>,AKINO,Drop Shoulder Tee,"dtf,drop-shoulder,streetwear,ready",TRUE,Color,Black - 220 GSM,akino-aot-1,shopify,10,deny,manual,650.00,TRUE,TRUE,https://res.cloudinary.com/hua42kke/image/upload/v1786551982/akino/ready/akino-aot-1.png,1,AKINO AOT Oversized Tee,active
akino-aot,,,,,,,,Dark Ash - 180 GSM,akino-aot-2,shopify,10,deny,manual,650.00,TRUE,TRUE,,,,
akino-aot,,,,,,,,,,,,,,,,,https://res.cloudinary.com/hua42kke/image/upload/v1786551986/akino/ready/akino-aot-2.png,2,AKINO AOT Oversized Tee,
akino-aot,,,,,,,,,,,,,,,,,https://res.cloudinary.com/hua42kke/image/upload/v1786551988/akino/ready/akino-aot-3.png,3,AKINO AOT Oversized Tee,
akino-chaos,AKINO Chaos Oversized Tee,<p>AKINO Chaos Oversized Tee</p><ul><li>DTF print</li><li>Color options: Black - 220 GSM / Dark Ash - 180 GSM</li><li>Oversized drop-shoulder fit</li></ul>,AKINO,Drop Shoulder Tee,"dtf,drop-shoulder,streetwear,ready",TRUE,Color,Black - 220 GSM,akino-chaos-1,shopify,10,deny,manual,650.00,TRUE,TRUE,https://res.cloudinary.com/hua42kke/image/upload/v1786551990/akino/ready/akino-chaos-1.png,1,AKINO Chaos Oversized Tee,active
akino-chaos,,,,,,,,Dark Ash - 180 GSM,akino-chaos-2,shopify,10,deny,manual,650.00,TRUE,TRUE,,,,
akino-chaos,,,,,,,,,,,,,,,,,https://res.cloudinary.com/hua42kke/image/upload/v1786551992/akino/ready/akino-chaos-2.png,2,AKINO Chaos Oversized Tee,
akino-chaos,,,,,,,,,,,,,,,,,https://res.cloudinary.com/hua42kke/image/upload/v1786551995/akino/ready/akino-chaos-3.png,3,AKINO Chaos Oversized Tee,
akino-chaos,,,,,,,,,,,,,,,,,https://res.cloudinary.com/hua42kke/image/upload/v1786551996/akino/ready/akino-chaos-4.png,4,AKINO Chaos Oversized Tee,
akino-chapter-4,AKINO Chapter 4 Oversized Tee,<p>AKINO Chapter 4 Oversized Tee</p><ul><li>DTF print</li><li>Color options: Black - 220 GSM / Dark Ash - 180 GSM</li><li>Oversized drop-shoulder fit</li></ul>,AKINO,Drop Shoulder Tee,"dtf,drop-shoulder,streetwear,ready",TRUE,Color,Black - 220 GSM,akino-chapter-4-1,shopify,10,deny,manual,650.00,TRUE,TRUE,https://res.cloudinary.com/hua42kke/image/upload/v1786551998/akino/ready/akino-chapter-4-1.png,1,AKINO Chapter 4 Oversized Tee,active
akino-chapter-4,,,,,,,,Dark Ash - 180 GSM,akino-chapter-4-2,shopify,10,deny,manual,650.00,TRUE,TRUE,,,,
akino-chapter-4,,,,,,,,,,,,,,,,,https://res.cloudinary.com/hua42kke/image/upload/v1786552000/akino/ready/akino-chapter-4-2.png,2,AKINO Chapter 4 Oversized Tee,
akino-chapter-4,,,,,,,,,,,,,,,,,https://res.cloudinary.com/hua42kke/image/upload/v1786552002/akino/ready/akino-chapter-4-3.png,3,AKINO Chapter 4 Oversized Tee,
akino-cradlifs,AKINO Cradlifs Oversized Tee,<p>AKINO Cradlifs Oversized Tee</p><ul><li>DTF print</li><li>Color options: Black - 220 GSM / Dark Ash - 180 GSM</li><li>Oversized drop-shoulder fit</li></ul>,AKINO,Drop Shoulder Tee,"dtf,drop-shoulder,streetwear,ready",TRUE,Color,Black - 220 GSM,akino-cradlifs-1,shopify,10,deny,manual,650.00,TRUE,TRUE,https://res.cloudinary.com/hua42kke/image/upload/v1786552004/akino/ready/akino-cradlifs-1.png,1,AKINO Cradlifs Oversized Tee,active
akino-cradlifs,,,,,,,,Dark Ash - 180 GSM,akino-cradlifs-2,shopify,10,deny,manual,650.00,TRUE,TRUE,,,,
akino-cradlifs,,,,,,,,,,,,,,,,,https://res.cloudinary.com/hua42kke/image/upload/v1786552006/akino/ready/akino-cradlifs-2.png,2,AKINO Cradlifs Oversized Tee,
akino-cradlifs,,,,,,,,,,,,,,,,,https://res.cloudinary.com/hua42kke/image/upload/v1786552007/akino/ready/akino-cradlifs-3.png,3,AKINO Cradlifs Oversized Tee,
akino-dhaka-cult,AKINO Dhaka Cult Oversized Tee,<p>AKINO Dhaka Cult Oversized Tee</p><ul><li>DTF print</li><li>Color options: Black - 220 GSM / Dark Ash - 180 GSM</li><li>Oversized drop-shoulder fit</li></ul>,AKINO,Drop Shoulder Tee,"dtf,drop-shoulder,streetwear,ready",TRUE,Color,Black - 220 GSM,akino-dhaka-cult-1,shopify,10,deny,manual,650.00,TRUE,TRUE,https://res.cloudinary.com/hua42kke/image/upload/v1786552010/akino/ready/akino-dhaka-cult-1.png,1,AKINO Dhaka Cult Oversized Tee,active
akino-dhaka-cult,,,,,,,,Dark Ash - 180 GSM,akino-dhaka-cult-2,shopify,10,deny,manual,650.00,TRUE,TRUE,,,,
akino-dhaka-cult,,,,,,,,,,,,,,,,,https://res.cloudinary.com/hua42kke/image/upload/v1786552012/akino/ready/akino-dhaka-cult-2.png,2,AKINO Dhaka Cult Oversized Tee,
akino-dhaka-cult,,,,,,,,,,,,,,,,,https://res.cloudinary.com/hua42kke/image/upload/v1786552013/akino/ready/akino-dhaka-cult-3.png,3,AKINO Dhaka Cult Oversized Tee,
akino-dollar,AKINO Dollar Oversized Tee,<p>AKINO Dollar Oversized Tee</p><ul><li>DTF print</li><li>Color options: Black - 220 GSM / Dark Ash - 180 GSM</li><li>Oversized drop-shoulder fit</li></ul>,AKINO,Drop Shoulder Tee,"dtf,drop-shoulder,streetwear,ready",TRUE,Color,Black - 220 GSM,akino-dollar-1,shopify,10,deny,manual,650.00,TRUE,TRUE,https://res.cloudinary.com/hua42kke/image/upload/v1786552014/akino/ready/akino-dollar-1.jpg,1,AKINO Dollar Oversized Tee,active
akino-dollar,,,,,,,,Dark Ash - 180 GSM,akino-dollar-2,shopify,10,deny,manual,650.00,TRUE,TRUE,,,,
akino-dollar,,,,,,,,,,,,,,,,,https://res.cloudinary.com/hua42kke/image/upload/v1786552015/akino/ready/akino-dollar-2.jpg,2,AKINO Dollar Oversized Tee,
akino-dollar,,,,,,,,,,,,,,,,,https://res.cloudinary.com/hua42kke/image/upload/v1786552015/akino/ready/akino-dollar-3.jpg,3,AKINO Dollar Oversized Tee,
akino-fight-club,AKINO Fight Club Oversized Tee,<p>AKINO Fight Club Oversized Tee</p><ul><li>DTF print</li><li>Color options: Black - 220 GSM / Dark Ash - 180 GSM</li><li>Oversized drop-shoulder fit</li></ul>,AKINO,Drop Shoulder Tee,"dtf,drop-shoulder,streetwear,ready",TRUE,Color,Black - 220 GSM,akino-fight-club-1,shopify,10,deny,manual,650.00,TRUE,TRUE,https://res.cloudinary.com/hua42kke/image/upload/v1786552017/akino/ready/akino-fight-club-1.png,1,AKINO Fight Club Oversized Tee,active
akino-fight-club,,,,,,,,Dark Ash - 180 GSM,akino-fight-club-2,shopify,10,deny,manual,650.00,TRUE,TRUE,,,,
akino-fight-club,,,,,,,,,,,,,,,,,https://res.cloudinary.com/hua42kke/image/upload/v1786552019/akino/ready/akino-fight-club-2.png,2,AKINO Fight Club Oversized Tee,
akino-fight-club,,,,,,,,,,,,,,,,,https://res.cloudinary.com/hua42kke/image/upload/v1786552021/akino/ready/akino-fight-club-3.png,3,AKINO Fight Club Oversized Tee,
akino-follow,AKINO Follow Your Own Path Oversized Tee,<p>AKINO Follow Your Own Path Oversized Tee</p><ul><li>DTF print</li><li>Color options: Black - 220 GSM / Dark Ash - 180 GSM</li><li>Oversized drop-shoulder fit</li></ul>,AKINO,Drop Shoulder Tee,"dtf,drop-shoulder,streetwear,ready",TRUE,Color,Black - 220 GSM,akino-follow-1,shopify,10,deny,manual,650.00,TRUE,TRUE,https://res.cloudinary.com/hua42kke/image/upload/v1786552022/akino/ready/akino-follow-1.png,1,AKINO Follow Your Own Path Oversized Tee,active
akino-follow,,,,,,,,Dark Ash - 180 GSM,akino-follow-2,shopify,10,deny,manual,650.00,TRUE,TRUE,,,,
akino-follow,,,,,,,,,,,,,,,,,https://res.cloudinary.com/hua42kke/image/upload/v1786552024/akino/ready/akino-follow-2.png,2,AKINO Follow Your Own Path Oversized Tee,
akino-follow,,,,,,,,,,,,,,,,,https://res.cloudinary.com/hua42kke/image/upload/v1786552025/akino/ready/akino-follow-3.png,3,AKINO Follow Your Own Path Oversized Tee,
akino-game-over,AKINO Game Over Oversized Tee,<p>AKINO Game Over Oversized Tee</p><ul><li>DTF print</li><li>Color options: Black - 220 GSM / Dark Ash - 180 GSM</li><li>Oversized drop-shoulder fit</li></ul>,AKINO,Drop Shoulder Tee,"dtf,drop-shoulder,streetwear,ready",TRUE,Color,Black - 220 GSM,akino-game-over-1,shopify,10,deny,manual,650.00,TRUE,TRUE,https://res.cloudinary.com/hua42kke/image/upload/v1786552027/akino/ready/akino-game-over-1.png,1,AKINO Game Over Oversized Tee,active
akino-game-over,,,,,,,,Dark Ash - 180 GSM,akino-game-over-2,shopify,10,deny,manual,650.00,TRUE,TRUE,,,,
akino-game-over,,,,,,,,,,,,,,,,,https://res.cloudinary.com/hua42kke/image/upload/v1786552029/akino/ready/akino-game-over-2.png,2,AKINO Game Over Oversized Tee,
akino-game-over,,,,,,,,,,,,,,,,,https://res.cloudinary.com/hua42kke/image/upload/v1786552030/akino/ready/akino-game-over-3.png,3,AKINO Game Over Oversized Tee,
akino-game-over,,,,,,,,,,,,,,,,,https://res.cloudinary.com/hua42kke/image/upload/v1786552032/akino/ready/akino-game-over-4.png,4,AKINO Game Over Oversized Tee,
akino-getting-older,AKINO Getting Older Oversized Tee,<p>AKINO Getting Older Oversized Tee</p><ul><li>DTF print</li><li>Color options: Black - 220 GSM / Dark Ash - 180 GSM</li><li>Oversized drop-shoulder fit</li></ul>,AKINO,Drop Shoulder Tee,"dtf,drop-shoulder,streetwear,ready",TRUE,Color,Black - 220 GSM,akino-getting-older-1,shopify,10,deny,manual,650.00,TRUE,TRUE,https://res.cloudinary.com/hua42kke/image/upload/v1786552033/akino/ready/akino-getting-older-1.png,1,AKINO Getting Older Oversized Tee,active
akino-getting-older,,,,,,,,Dark Ash - 180 GSM,akino-getting-older-2,shopify,10,deny,manual,650.00,TRUE,TRUE,,,,
akino-getting-older,,,,,,,,,,,,,,,,,https://res.cloudinary.com/hua42kke/image/upload/v1786552037/akino/ready/akino-getting-older-2.png,2,AKINO Getting Older Oversized Tee,
akino-getting-older,,,,,,,,,,,,,,,,,https://res.cloudinary.com/hua42kke/image/upload/v1786552039/akino/ready/akino-getting-older-3.png,3,AKINO Getting Older Oversized Tee,
akino-getting-older,,,,,,,,,,,,,,,,,https://res.cloudinary.com/hua42kke/image/upload/v1786552040/akino/ready/akino-getting-older-4.png,4,AKINO Getting Older Oversized Tee,
akino-grafity,AKINO Grafity Oversized Tee,<p>AKINO Grafity Oversized Tee</p><ul><li>DTF print</li><li>Color options: Black - 220 GSM / Dark Ash - 180 GSM</li><li>Oversized drop-shoulder fit</li></ul>,AKINO,Drop Shoulder Tee,"dtf,drop-shoulder,streetwear,ready",TRUE,Color,Black - 220 GSM,akino-grafity-1,shopify,10,deny,manual,650.00,TRUE,TRUE,https://res.cloudinary.com/hua42kke/image/upload/v1786552042/akino/ready/akino-grafity-1.png,1,AKINO Grafity Oversized Tee,active
akino-grafity,,,,,,,,Dark Ash - 180 GSM,akino-grafity-2,shopify,10,deny,manual,650.00,TRUE,TRUE,,,,
akino-grafity,,,,,,,,,,,,,,,,,https://res.cloudinary.com/hua42kke/image/upload/v1786552043/akino/ready/akino-grafity-2.png,2,AKINO Grafity Oversized Tee,
akino-grafity,,,,,,,,,,,,,,,,,https://res.cloudinary.com/hua42kke/image/upload/v1786552044/akino/ready/akino-grafity-3.png,3,AKINO Grafity Oversized Tee,
akino-justice,AKINO Justice Oversized Tee,<p>AKINO Justice Oversized Tee</p><ul><li>DTF print</li><li>Color options: Black - 220 GSM / Dark Ash - 180 GSM</li><li>Oversized drop-shoulder fit</li></ul>,AKINO,Drop Shoulder Tee,"dtf,drop-shoulder,streetwear,ready",TRUE,Color,Black - 220 GSM,akino-justice-1,shopify,10,deny,manual,650.00,TRUE,TRUE,https://res.cloudinary.com/hua42kke/image/upload/v1786552045/akino/ready/akino-justice-1.png,1,AKINO Justice Oversized Tee,active
akino-justice,,,,,,,,Dark Ash - 180 GSM,akino-justice-2,shopify,10,deny,manual,650.00,TRUE,TRUE,,,,
akino-justice,,,,,,,,,,,,,,,,,https://res.cloudinary.com/hua42kke/image/upload/v1786552047/akino/ready/akino-justice-2.png,2,AKINO Justice Oversized Tee,
akino-justice,,,,,,,,,,,,,,,,,https://res.cloudinary.com/hua42kke/image/upload/v1786552048/akino/ready/akino-justice-3.png,3,AKINO Justice Oversized Tee,
akino-mentality2,AKINO Mentality II Oversized Tee,<p>AKINO Mentality II Oversized Tee</p><ul><li>DTF print</li><li>Color options: Black - 220 GSM / Dark Ash - 180 GSM</li><li>Oversized drop-shoulder fit</li></ul>,AKINO,Drop Shoulder Tee,"dtf,drop-shoulder,streetwear,ready",TRUE,Color,Black - 220 GSM,akino-mentality2-1,shopify,10,deny,manual,650.00,TRUE,TRUE,https://res.cloudinary.com/hua42kke/image/upload/v1786552049/akino/ready/akino-mentality2-1.png,1,AKINO Mentality II Oversized Tee,active
akino-mentality2,,,,,,,,Dark Ash - 180 GSM,akino-mentality2-2,shopify,10,deny,manual,650.00,TRUE,TRUE,,,,
akino-mentality2,,,,,,,,,,,,,,,,,https://res.cloudinary.com/hua42kke/image/upload/v1786552052/akino/ready/akino-mentality2-2.png,2,AKINO Mentality II Oversized Tee,
akino-mentality2,,,,,,,,,,,,,,,,,https://res.cloudinary.com/hua42kke/image/upload/v1786552053/akino/ready/akino-mentality2-3.png,3,AKINO Mentality II Oversized Tee,
akino-mentatly,AKINO Mentality Oversized Tee,<p>AKINO Mentality Oversized Tee</p><ul><li>DTF print</li><li>Color options: Black - 220 GSM / Dark Ash - 180 GSM</li><li>Oversized drop-shoulder fit</li></ul>,AKINO,Drop Shoulder Tee,"dtf,drop-shoulder,streetwear,ready",TRUE,Color,Black - 220 GSM,akino-mentatly-1,shopify,10,deny,manual,650.00,TRUE,TRUE,https://res.cloudinary.com/hua42kke/image/upload/v1786552055/akino/ready/akino-mentatly-1.png,1,AKINO Mentality Oversized Tee,active
akino-mentatly,,,,,,,,Dark Ash - 180 GSM,akino-mentatly-2,shopify,10,deny,manual,650.00,TRUE,TRUE,,,,
akino-mentatly,,,,,,,,,,,,,,,,,https://res.cloudinary.com/hua42kke/image/upload/v1786552056/akino/ready/akino-mentatly-2.png,2,AKINO Mentality Oversized Tee,
akino-mentatly,,,,,,,,,,,,,,,,,https://res.cloudinary.com/hua42kke/image/upload/v1786552057/akino/ready/akino-mentatly-3.png,3,AKINO Mentality Oversized Tee,
akino-mentelity,AKINO Mentality Classic Oversized Tee,<p>AKINO Mentality Classic Oversized Tee</p><ul><li>DTF print</li><li>Color options: Black - 220 GSM / Dark Ash - 180 GSM</li><li>Oversized drop-shoulder fit</li></ul>,AKINO,Drop Shoulder Tee,"dtf,drop-shoulder,streetwear,ready",TRUE,Color,Black - 220 GSM,akino-mentelity-1,shopify,10,deny,manual,650.00,TRUE,TRUE,https://res.cloudinary.com/hua42kke/image/upload/v1786552059/akino/ready/akino-mentelity-1.png,1,AKINO Mentality Classic Oversized Tee,active
akino-mentelity,,,,,,,,Dark Ash - 180 GSM,akino-mentelity-2,shopify,10,deny,manual,650.00,TRUE,TRUE,,,,
akino-mentelity,,,,,,,,,,,,,,,,,https://res.cloudinary.com/hua42kke/image/upload/v1786552061/akino/ready/akino-mentelity-2.png,2,AKINO Mentality Classic Oversized Tee,
akino-mentelity,,,,,,,,,,,,,,,,,https://res.cloudinary.com/hua42kke/image/upload/v1786552062/akino/ready/akino-mentelity-3.png,3,AKINO Mentality Classic Oversized Tee,