Handle,Title,Body (HTML),Vendor,Type,Tags,Published,Option1 Name,Option1 Value,Option2 Name,Option2 Value,Variant SKU,Variant Inventory Tracker,Variant Inventory Qty,Variant Inventory Policy,Variant Fulfillment Service,Variant Price,Variant Requires Shipping,Variant Taxable,Image Src,Image Position,Image Alt Text,Status
akino-aot,AKINO AOT Oversized Tee,"<p>AKINO AOT Oversized Tee</p><ul><li>DTF print</li><li>Color options: Black - 220 GSM / Dark Ash - 180 GSM</li><li>Sizes: Black (M, XL) · Dark Ash (M, L, XL)</li><li>Oversized drop-shoulder fit</li></ul>",AKINO,Drop Shoulder Tee,"dtf,drop-shoulder,streetwear,ready",TRUE,Color,Black - 220 GSM,Size,M,akino-aot-blk-m,shopify,10,deny,manual,650.00,TRUE,TRUE,https://res.cloudinary.com/hua42kke/image/upload/v1786551982/akino/ready/akino-aot-1.png,1,AKINO AOT Oversized Tee,active
akino-aot,,,,,,,,Black - 220 GSM,,XL,akino-aot-blk-xl,shopify,10,deny,manual,650.00,TRUE,TRUE,,,,
akino-aot,,,,,,,,Dark Ash - 180 GSM,,M,akino-aot-ash-m,shopify,10,deny,manual,650.00,TRUE,TRUE,,,,
akino-aot,,,,,,,,Dark Ash - 180 GSM,,L,akino-aot-ash-l,shopify,10,deny,manual,650.00,TRUE,TRUE,,,,
akino-aot,,,,,,,,Dark Ash - 180 GSM,,XL,akino-aot-ash-xl,shopify,10,deny,manual,650.00,TRUE,TRUE,,,,
akino-aot,,,,,,,,,,,,,,,,,,,https://res.cloudinary.com/hua42kke/image/upload/v1786551986/akino/ready/akino-aot-2.png,2,AKINO AOT Oversized Tee,
akino-aot,,,,,,,,,,,,,,,,,,,https://res.cloudinary.com/hua42kke/image/upload/v1786551988/akino/ready/akino-aot-3.png,3,AKINO AOT Oversized Tee,
akino-chaos,AKINO Chaos Oversized Tee,"<p>AKINO Chaos Oversized Tee</p><ul><li>DTF print</li><li>Color options: Black - 220 GSM / Dark Ash - 180 GSM</li><li>Sizes: Black (M, XL) · Dark Ash (M, L, XL)</li><li>Oversized drop-shoulder fit</li></ul>",AKINO,Drop Shoulder Tee,"dtf,drop-shoulder,streetwear,ready",TRUE,Color,Black - 220 GSM,Size,M,akino-chaos-blk-m,shopify,10,deny,manual,650.00,TRUE,TRUE,https://res.cloudinary.com/hua42kke/image/upload/v1786551990/akino/ready/akino-chaos-1.png,1,AKINO Chaos Oversized Tee,active
akino-chaos,,,,,,,,Black - 220 GSM,,XL,akino-chaos-blk-xl,shopify,10,deny,manual,650.00,TRUE,TRUE,,,,
akino-chaos,,,,,,,,Dark Ash - 180 GSM,,M,akino-chaos-ash-m,shopify,10,deny,manual,650.00,TRUE,TRUE,,,,
akino-chaos,,,,,,,,Dark Ash - 180 GSM,,L,akino-chaos-ash-l,shopify,10,deny,manual,650.00,TRUE,TRUE,,,,
akino-chaos,,,,,,,,Dark Ash - 180 GSM,,XL,akino-chaos-ash-xl,shopify,10,deny,manual,650.00,TRUE,TRUE,,,,
akino-chaos,,,,,,,,,,,,,,,,,,,https://res.cloudinary.com/hua42kke/image/upload/v1786551992/akino/ready/akino-chaos-2.png,2,AKINO Chaos Oversized Tee,
akino-chaos,,,,,,,,,,,,,,,,,,,https://res.cloudinary.com/hua42kke/image/upload/v1786551995/akino/ready/akino-chaos-3.png,3,AKINO Chaos Oversized Tee,
akino-chaos,,,,,,,,,,,,,,,,,,,https://res.cloudinary.com/hua42kke/image/upload/v1786551996/akino/ready/akino-chaos-4.png,4,AKINO Chaos Oversized Tee,
akino-chapter-4,AKINO Chapter 4 Oversized Tee,"<p>AKINO Chapter 4 Oversized Tee</p><ul><li>DTF print</li><li>Color options: Black - 220 GSM / Dark Ash - 180 GSM</li><li>Sizes: Black (M, XL) · Dark Ash (M, L, XL)</li><li>Oversized drop-shoulder fit</li></ul>",AKINO,Drop Shoulder Tee,"dtf,drop-shoulder,streetwear,ready",TRUE,Color,Black - 220 GSM,Size,M,akino-chapter-4-blk-m,shopify,10,deny,manual,650.00,TRUE,TRUE,https://res.cloudinary.com/hua42kke/image/upload/v1786551998/akino/ready/akino-chapter-4-1.png,1,AKINO Chapter 4 Oversized Tee,active
akino-chapter-4,,,,,,,,Black - 220 GSM,,XL,akino-chapter-4-blk-xl,shopify,10,deny,manual,650.00,TRUE,TRUE,,,,
akino-chapter-4,,,,,,,,Dark Ash - 180 GSM,,M,akino-chapter-4-ash-m,shopify,10,deny,manual,650.00,TRUE,TRUE,,,,
akino-chapter-4,,,,,,,,Dark Ash - 180 GSM,,L,akino-chapter-4-ash-l,shopify,10,deny,manual,650.00,TRUE,TRUE,,,,
akino-chapter-4,,,,,,,,Dark Ash - 180 GSM,,XL,akino-chapter-4-ash-xl,shopify,10,deny,manual,650.00,TRUE,TRUE,,,,
akino-chapter-4,,,,,,,,,,,,,,,,,,,https://res.cloudinary.com/hua42kke/image/upload/v1786552000/akino/ready/akino-chapter-4-2.png,2,AKINO Chapter 4 Oversized Tee,
akino-chapter-4,,,,,,,,,,,,,,,,,,,https://res.cloudinary.com/hua42kke/image/upload/v1786552002/akino/ready/akino-chapter-4-3.png,3,AKINO Chapter 4 Oversized Tee,
akino-cradlifs,AKINO Cradlifs Oversized Tee,"<p>AKINO Cradlifs Oversized Tee</p><ul><li>DTF print</li><li>Color options: Black - 220 GSM / Dark Ash - 180 GSM</li><li>Sizes: Black (M, XL) · Dark Ash (M, L, XL)</li><li>Oversized drop-shoulder fit</li></ul>",AKINO,Drop Shoulder Tee,"dtf,drop-shoulder,streetwear,ready",TRUE,Color,Black - 220 GSM,Size,M,akino-cradlifs-blk-m,shopify,10,deny,manual,650.00,TRUE,TRUE,https://res.cloudinary.com/hua42kke/image/upload/v1786552004/akino/ready/akino-cradlifs-1.png,1,AKINO Cradlifs Oversized Tee,active
akino-cradlifs,,,,,,,,Black - 220 GSM,,XL,akino-cradlifs-blk-xl,shopify,10,deny,manual,650.00,TRUE,TRUE,,,,
akino-cradlifs,,,,,,,,Dark Ash - 180 GSM,,M,akino-cradlifs-ash-m,shopify,10,deny,manual,650.00,TRUE,TRUE,,,,
akino-cradlifs,,,,,,,,Dark Ash - 180 GSM,,L,akino-cradlifs-ash-l,shopify,10,deny,manual,650.00,TRUE,TRUE,,,,
akino-cradlifs,,,,,,,,Dark Ash - 180 GSM,,XL,akino-cradlifs-ash-xl,shopify,10,deny,manual,650.00,TRUE,TRUE,,,,
akino-cradlifs,,,,,,,,,,,,,,,,,,,https://res.cloudinary.com/hua42kke/image/upload/v1786552006/akino/ready/akino-cradlifs-2.png,2,AKINO Cradlifs Oversized Tee,
akino-cradlifs,,,,,,,,,,,,,,,,,,,https://res.cloudinary.com/hua42kke/image/upload/v1786552007/akino/ready/akino-cradlifs-3.png,3,AKINO Cradlifs Oversized Tee,
akino-dhaka-cult,AKINO Dhaka Cult Oversized Tee,"<p>AKINO Dhaka Cult Oversized Tee</p><ul><li>DTF print</li><li>Color options: Black - 220 GSM / Dark Ash - 180 GSM</li><li>Sizes: Black (M, XL) · Dark Ash (M, L, XL)</li><li>Oversized drop-shoulder fit</li></ul>",AKINO,Drop Shoulder Tee,"dtf,drop-shoulder,streetwear,ready",TRUE,Color,Black - 220 GSM,Size,M,akino-dhaka-cult-blk-m,shopify,10,deny,manual,650.00,TRUE,TRUE,https://res.cloudinary.com/hua42kke/image/upload/v1786552010/akino/ready/akino-dhaka-cult-1.png,1,AKINO Dhaka Cult Oversized Tee,active
akino-dhaka-cult,,,,,,,,Black - 220 GSM,,XL,akino-dhaka-cult-blk-xl,shopify,10,deny,manual,650.00,TRUE,TRUE,,,,
akino-dhaka-cult,,,,,,,,Dark Ash - 180 GSM,,M,akino-dhaka-cult-ash-m,shopify,10,deny,manual,650.00,TRUE,TRUE,,,,
akino-dhaka-cult,,,,,,,,Dark Ash - 180 GSM,,L,akino-dhaka-cult-ash-l,shopify,10,deny,manual,650.00,TRUE,TRUE,,,,
akino-dhaka-cult,,,,,,,,Dark Ash - 180 GSM,,XL,akino-dhaka-cult-ash-xl,shopify,10,deny,manual,650.00,TRUE,TRUE,,,,
akino-dhaka-cult,,,,,,,,,,,,,,,,,,,https://res.cloudinary.com/hua42kke/image/upload/v1786552012/akino/ready/akino-dhaka-cult-2.png,2,AKINO Dhaka Cult Oversized Tee,
akino-dhaka-cult,,,,,,,,,,,,,,,,,,,https://res.cloudinary.com/hua42kke/image/upload/v1786552013/akino/ready/akino-dhaka-cult-3.png,3,AKINO Dhaka Cult Oversized Tee,
akino-dollar,AKINO Dollar Oversized Tee,"<p>AKINO Dollar Oversized Tee</p><ul><li>DTF print</li><li>Color options: Black - 220 GSM / Dark Ash - 180 GSM</li><li>Sizes: Black (M, XL) · Dark Ash (M, L, XL)</li><li>Oversized drop-shoulder fit</li></ul>",AKINO,Drop Shoulder Tee,"dtf,drop-shoulder,streetwear,ready",TRUE,Color,Black - 220 GSM,Size,M,akino-dollar-blk-m,shopify,10,deny,manual,650.00,TRUE,TRUE,https://res.cloudinary.com/hua42kke/image/upload/v1786552014/akino/ready/akino-dollar-1.jpg,1,AKINO Dollar Oversized Tee,active
akino-dollar,,,,,,,,Black - 220 GSM,,XL,akino-dollar-blk-xl,shopify,10,deny,manual,650.00,TRUE,TRUE,,,,
akino-dollar,,,,,,,,Dark Ash - 180 GSM,,M,akino-dollar-ash-m,shopify,10,deny,manual,650.00,TRUE,TRUE,,,,
akino-dollar,,,,,,,,Dark Ash - 180 GSM,,L,akino-dollar-ash-l,shopify,10,deny,manual,650.00,TRUE,TRUE,,,,
akino-dollar,,,,,,,,Dark Ash - 180 GSM,,XL,akino-dollar-ash-xl,shopify,10,deny,manual,650.00,TRUE,TRUE,,,,
akino-dollar,,,,,,,,,,,,,,,,,,,https://res.cloudinary.com/hua42kke/image/upload/v1786552015/akino/ready/akino-dollar-2.jpg,2,AKINO Dollar Oversized Tee,
akino-dollar,,,,,,,,,,,,,,,,,,,https://res.cloudinary.com/hua42kke/image/upload/v1786552015/akino/ready/akino-dollar-3.jpg,3,AKINO Dollar Oversized Tee,
akino-fight-club,AKINO Fight Club Oversized Tee,"<p>AKINO Fight Club Oversized Tee</p><ul><li>DTF print</li><li>Color options: Black - 220 GSM / Dark Ash - 180 GSM</li><li>Sizes: Black (M, XL) · Dark Ash (M, L, XL)</li><li>Oversized drop-shoulder fit</li></ul>",AKINO,Drop Shoulder Tee,"dtf,drop-shoulder,streetwear,ready",TRUE,Color,Black - 220 GSM,Size,M,akino-fight-club-blk-m,shopify,10,deny,manual,650.00,TRUE,TRUE,https://res.cloudinary.com/hua42kke/image/upload/v1786552017/akino/ready/akino-fight-club-1.png,1,AKINO Fight Club Oversized Tee,active
akino-fight-club,,,,,,,,Black - 220 GSM,,XL,akino-fight-club-blk-xl,shopify,10,deny,manual,650.00,TRUE,TRUE,,,,
akino-fight-club,,,,,,,,Dark Ash - 180 GSM,,M,akino-fight-club-ash-m,shopify,10,deny,manual,650.00,TRUE,TRUE,,,,
akino-fight-club,,,,,,,,Dark Ash - 180 GSM,,L,akino-fight-club-ash-l,shopify,10,deny,manual,650.00,TRUE,TRUE,,,,
akino-fight-club,,,,,,,,Dark Ash - 180 GSM,,XL,akino-fight-club-ash-xl,shopify,10,deny,manual,650.00,TRUE,TRUE,,,,
akino-fight-club,,,,,,,,,,,,,,,,,,,https://res.cloudinary.com/hua42kke/image/upload/v1786552019/akino/ready/akino-fight-club-2.png,2,AKINO Fight Club Oversized Tee,
akino-fight-club,,,,,,,,,,,,,,,,,,,https://res.cloudinary.com/hua42kke/image/upload/v1786552021/akino/ready/akino-fight-club-3.png,3,AKINO Fight Club Oversized Tee,
akino-follow,AKINO Follow Your Own Path Oversized Tee,"<p>AKINO Follow Your Own Path Oversized Tee</p><ul><li>DTF print</li><li>Color options: Black - 220 GSM / Dark Ash - 180 GSM</li><li>Sizes: Black (M, XL) · Dark Ash (M, L, XL)</li><li>Oversized drop-shoulder fit</li></ul>",AKINO,Drop Shoulder Tee,"dtf,drop-shoulder,streetwear,ready",TRUE,Color,Black - 220 GSM,Size,M,akino-follow-blk-m,shopify,10,deny,manual,650.00,TRUE,TRUE,https://res.cloudinary.com/hua42kke/image/upload/v1786552022/akino/ready/akino-follow-1.png,1,AKINO Follow Your Own Path Oversized Tee,active
akino-follow,,,,,,,,Black - 220 GSM,,XL,akino-follow-blk-xl,shopify,10,deny,manual,650.00,TRUE,TRUE,,,,
akino-follow,,,,,,,,Dark Ash - 180 GSM,,M,akino-follow-ash-m,shopify,10,deny,manual,650.00,TRUE,TRUE,,,,
akino-follow,,,,,,,,Dark Ash - 180 GSM,,L,akino-follow-ash-l,shopify,10,deny,manual,650.00,TRUE,TRUE,,,,
akino-follow,,,,,,,,Dark Ash - 180 GSM,,XL,akino-follow-ash-xl,shopify,10,deny,manual,650.00,TRUE,TRUE,,,,
akino-follow,,,,,,,,,,,,,,,,,,,https://res.cloudinary.com/hua42kke/image/upload/v1786552024/akino/ready/akino-follow-2.png,2,AKINO Follow Your Own Path Oversized Tee,
akino-follow,,,,,,,,,,,,,,,,,,,https://res.cloudinary.com/hua42kke/image/upload/v1786552025/akino/ready/akino-follow-3.png,3,AKINO Follow Your Own Path Oversized Tee,
akino-game-over,AKINO Game Over Oversized Tee,"<p>AKINO Game Over Oversized Tee</p><ul><li>DTF print</li><li>Color options: Black - 220 GSM / Dark Ash - 180 GSM</li><li>Sizes: Black (M, XL) · Dark Ash (M, L, XL)</li><li>Oversized drop-shoulder fit</li></ul>",AKINO,Drop Shoulder Tee,"dtf,drop-shoulder,streetwear,ready",TRUE,Color,Black - 220 GSM,Size,M,akino-game-over-blk-m,shopify,10,deny,manual,650.00,TRUE,TRUE,https://res.cloudinary.com/hua42kke/image/upload/v1786552027/akino/ready/akino-game-over-1.png,1,AKINO Game Over Oversized Tee,active
akino-game-over,,,,,,,,Black - 220 GSM,,XL,akino-game-over-blk-xl,shopify,10,deny,manual,650.00,TRUE,TRUE,,,,
akino-game-over,,,,,,,,Dark Ash - 180 GSM,,M,akino-game-over-ash-m,shopify,10,deny,manual,650.00,TRUE,TRUE,,,,
akino-game-over,,,,,,,,Dark Ash - 180 GSM,,L,akino-game-over-ash-l,shopify,10,deny,manual,650.00,TRUE,TRUE,,,,
akino-game-over,,,,,,,,Dark Ash - 180 GSM,,XL,akino-game-over-ash-xl,shopify,10,deny,manual,650.00,TRUE,TRUE,,,,
akino-game-over,,,,,,,,,,,,,,,,,,,https://res.cloudinary.com/hua42kke/image/upload/v1786552029/akino/ready/akino-game-over-2.png,2,AKINO Game Over Oversized Tee,
akino-game-over,,,,,,,,,,,,,,,,,,,https://res.cloudinary.com/hua42kke/image/upload/v1786552030/akino/ready/akino-game-over-3.png,3,AKINO Game Over Oversized Tee,
akino-game-over,,,,,,,,,,,,,,,,,,,https://res.cloudinary.com/hua42kke/image/upload/v1786552032/akino/ready/akino-game-over-4.png,4,AKINO Game Over Oversized Tee,
akino-getting-older,AKINO Getting Older Oversized Tee,"<p>AKINO Getting Older Oversized Tee</p><ul><li>DTF print</li><li>Color options: Black - 220 GSM / Dark Ash - 180 GSM</li><li>Sizes: Black (M, XL) · Dark Ash (M, L, XL)</li><li>Oversized drop-shoulder fit</li></ul>",AKINO,Drop Shoulder Tee,"dtf,drop-shoulder,streetwear,ready",TRUE,Color,Black - 220 GSM,Size,M,akino-getting-older-blk-m,shopify,10,deny,manual,650.00,TRUE,TRUE,https://res.cloudinary.com/hua42kke/image/upload/v1786552033/akino/ready/akino-getting-older-1.png,1,AKINO Getting Older Oversized Tee,active
akino-getting-older,,,,,,,,Black - 220 GSM,,XL,akino-getting-older-blk-xl,shopify,10,deny,manual,650.00,TRUE,TRUE,,,,
akino-getting-older,,,,,,,,Dark Ash - 180 GSM,,M,akino-getting-older-ash-m,shopify,10,deny,manual,650.00,TRUE,TRUE,,,,
akino-getting-older,,,,,,,,Dark Ash - 180 GSM,,L,akino-getting-older-ash-l,shopify,10,deny,manual,650.00,TRUE,TRUE,,,,
akino-getting-older,,,,,,,,Dark Ash - 180 GSM,,XL,akino-getting-older-ash-xl,shopify,10,deny,manual,650.00,TRUE,TRUE,,,,
akino-getting-older,,,,,,,,,,,,,,,,,,,https://res.cloudinary.com/hua42kke/image/upload/v1786552037/akino/ready/akino-getting-older-2.png,2,AKINO Getting Older Oversized Tee,
akino-getting-older,,,,,,,,,,,,,,,,,,,https://res.cloudinary.com/hua42kke/image/upload/v1786552039/akino/ready/akino-getting-older-3.png,3,AKINO Getting Older Oversized Tee,
akino-getting-older,,,,,,,,,,,,,,,,,,,https://res.cloudinary.com/hua42kke/image/upload/v1786552040/akino/ready/akino-getting-older-4.png,4,AKINO Getting Older Oversized Tee,
akino-grafity,AKINO Grafity Oversized Tee,"<p>AKINO Grafity Oversized Tee</p><ul><li>DTF print</li><li>Color options: Black - 220 GSM / Dark Ash - 180 GSM</li><li>Sizes: Black (M, XL) · Dark Ash (M, L, XL)</li><li>Oversized drop-shoulder fit</li></ul>",AKINO,Drop Shoulder Tee,"dtf,drop-shoulder,streetwear,ready",TRUE,Color,Black - 220 GSM,Size,M,akino-grafity-blk-m,shopify,10,deny,manual,650.00,TRUE,TRUE,https://res.cloudinary.com/hua42kke/image/upload/v1786552042/akino/ready/akino-grafity-1.png,1,AKINO Grafity Oversized Tee,active
akino-grafity,,,,,,,,Black - 220 GSM,,XL,akino-grafity-blk-xl,shopify,10,deny,manual,650.00,TRUE,TRUE,,,,
akino-grafity,,,,,,,,Dark Ash - 180 GSM,,M,akino-grafity-ash-m,shopify,10,deny,manual,650.00,TRUE,TRUE,,,,
akino-grafity,,,,,,,,Dark Ash - 180 GSM,,L,akino-grafity-ash-l,shopify,10,deny,manual,650.00,TRUE,TRUE,,,,
akino-grafity,,,,,,,,Dark Ash - 180 GSM,,XL,akino-grafity-ash-xl,shopify,10,deny,manual,650.00,TRUE,TRUE,,,,
akino-grafity,,,,,,,,,,,,,,,,,,,https://res.cloudinary.com/hua42kke/image/upload/v1786552043/akino/ready/akino-grafity-2.png,2,AKINO Grafity Oversized Tee,
akino-grafity,,,,,,,,,,,,,,,,,,,https://res.cloudinary.com/hua42kke/image/upload/v1786552044/akino/ready/akino-grafity-3.png,3,AKINO Grafity Oversized Tee,
akino-justice,AKINO Justice Oversized Tee,"<p>AKINO Justice Oversized Tee</p><ul><li>DTF print</li><li>Color options: Black - 220 GSM / Dark Ash - 180 GSM</li><li>Sizes: Black (M, XL) · Dark Ash (M, L, XL)</li><li>Oversized drop-shoulder fit</li></ul>",AKINO,Drop Shoulder Tee,"dtf,drop-shoulder,streetwear,ready",TRUE,Color,Black - 220 GSM,Size,M,akino-justice-blk-m,shopify,10,deny,manual,650.00,TRUE,TRUE,https://res.cloudinary.com/hua42kke/image/upload/v1786552045/akino/ready/akino-justice-1.png,1,AKINO Justice Oversized Tee,active
akino-justice,,,,,,,,Black - 220 GSM,,XL,akino-justice-blk-xl,shopify,10,deny,manual,650.00,TRUE,TRUE,,,,
akino-justice,,,,,,,,Dark Ash - 180 GSM,,M,akino-justice-ash-m,shopify,10,deny,manual,650.00,TRUE,TRUE,,,,
akino-justice,,,,,,,,Dark Ash - 180 GSM,,L,akino-justice-ash-l,shopify,10,deny,manual,650.00,TRUE,TRUE,,,,
akino-justice,,,,,,,,Dark Ash - 180 GSM,,XL,akino-justice-ash-xl,shopify,10,deny,manual,650.00,TRUE,TRUE,,,,
akino-justice,,,,,,,,,,,,,,,,,,,https://res.cloudinary.com/hua42kke/image/upload/v1786552047/akino/ready/akino-justice-2.png,2,AKINO Justice Oversized Tee,
akino-justice,,,,,,,,,,,,,,,,,,,https://res.cloudinary.com/hua42kke/image/upload/v1786552048/akino/ready/akino-justice-3.png,3,AKINO Justice Oversized Tee,
akino-mentality2,AKINO Mentality II Oversized Tee,"<p>AKINO Mentality II Oversized Tee</p><ul><li>DTF print</li><li>Color options: Black - 220 GSM / Dark Ash - 180 GSM</li><li>Sizes: Black (M, XL) · Dark Ash (M, L, XL)</li><li>Oversized drop-shoulder fit</li></ul>",AKINO,Drop Shoulder Tee,"dtf,drop-shoulder,streetwear,ready",TRUE,Color,Black - 220 GSM,Size,M,akino-mentality2-blk-m,shopify,10,deny,manual,650.00,TRUE,TRUE,https://res.cloudinary.com/hua42kke/image/upload/v1786552049/akino/ready/akino-mentality2-1.png,1,AKINO Mentality II Oversized Tee,active
akino-mentality2,,,,,,,,Black - 220 GSM,,XL,akino-mentality2-blk-xl,shopify,10,deny,manual,650.00,TRUE,TRUE,,,,
akino-mentality2,,,,,,,,Dark Ash - 180 GSM,,M,akino-mentality2-ash-m,shopify,10,deny,manual,650.00,TRUE,TRUE,,,,
akino-mentality2,,,,,,,,Dark Ash - 180 GSM,,L,akino-mentality2-ash-l,shopify,10,deny,manual,650.00,TRUE,TRUE,,,,
akino-mentality2,,,,,,,,Dark Ash - 180 GSM,,XL,akino-mentality2-ash-xl,shopify,10,deny,manual,650.00,TRUE,TRUE,,,,
akino-mentality2,,,,,,,,,,,,,,,,,,,https://res.cloudinary.com/hua42kke/image/upload/v1786552052/akino/ready/akino-mentality2-2.png,2,AKINO Mentality II Oversized Tee,
akino-mentality2,,,,,,,,,,,,,,,,,,,https://res.cloudinary.com/hua42kke/image/upload/v1786552053/akino/ready/akino-mentality2-3.png,3,AKINO Mentality II Oversized Tee,
akino-mentatly,AKINO Mentality Oversized Tee,"<p>AKINO Mentality Oversized Tee</p><ul><li>DTF print</li><li>Color options: Black - 220 GSM / Dark Ash - 180 GSM</li><li>Sizes: Black (M, XL) · Dark Ash (M, L, XL)</li><li>Oversized drop-shoulder fit</li></ul>",AKINO,Drop Shoulder Tee,"dtf,drop-shoulder,streetwear,ready",TRUE,Color,Black - 220 GSM,Size,M,akino-mentatly-blk-m,shopify,10,deny,manual,650.00,TRUE,TRUE,https://res.cloudinary.com/hua42kke/image/upload/v1786552055/akino/ready/akino-mentatly-1.png,1,AKINO Mentality Oversized Tee,active
akino-mentatly,,,,,,,,Black - 220 GSM,,XL,akino-mentatly-blk-xl,shopify,10,deny,manual,650.00,TRUE,TRUE,,,,
akino-mentatly,,,,,,,,Dark Ash - 180 GSM,,M,akino-mentatly-ash-m,shopify,10,deny,manual,650.00,TRUE,TRUE,,,,
akino-mentatly,,,,,,,,Dark Ash - 180 GSM,,L,akino-mentatly-ash-l,shopify,10,deny,manual,650.00,TRUE,TRUE,,,,
akino-mentatly,,,,,,,,Dark Ash - 180 GSM,,XL,akino-mentatly-ash-xl,shopify,10,deny,manual,650.00,TRUE,TRUE,,,,
akino-mentatly,,,,,,,,,,,,,,,,,,,https://res.cloudinary.com/hua42kke/image/upload/v1786552056/akino/ready/akino-mentatly-2.png,2,AKINO Mentality Oversized Tee,
akino-mentatly,,,,,,,,,,,,,,,,,,,https://res.cloudinary.com/hua42kke/image/upload/v1786552057/akino/ready/akino-mentatly-3.png,3,AKINO Mentality Oversized Tee,
akino-mentelity,AKINO Mentality Classic Oversized Tee,"<p>AKINO Mentality Classic Oversized Tee</p><ul><li>DTF print</li><li>Color options: Black - 220 GSM / Dark Ash - 180 GSM</li><li>Sizes: Black (M, XL) · Dark Ash (M, L, XL)</li><li>Oversized drop-shoulder fit</li></ul>",AKINO,Drop Shoulder Tee,"dtf,drop-shoulder,streetwear,ready",TRUE,Color,Black - 220 GSM,Size,M,akino-mentelity-blk-m,shopify,10,deny,manual,650.00,TRUE,TRUE,https://res.cloudinary.com/hua42kke/image/upload/v1786552059/akino/ready/akino-mentelity-1.png,1,AKINO Mentality Classic Oversized Tee,active
akino-mentelity,,,,,,,,Black - 220 GSM,,XL,akino-mentelity-blk-xl,shopify,10,deny,manual,650.00,TRUE,TRUE,,,,
akino-mentelity,,,,,,,,Dark Ash - 180 GSM,,M,akino-mentelity-ash-m,shopify,10,deny,manual,650.00,TRUE,TRUE,,,,
akino-mentelity,,,,,,,,Dark Ash - 180 GSM,,L,akino-mentelity-ash-l,shopify,10,deny,manual,650.00,TRUE,TRUE,,,,
akino-mentelity,,,,,,,,Dark Ash - 180 GSM,,XL,akino-mentelity-ash-xl,shopify,10,deny,manual,650.00,TRUE,TRUE,,,,
akino-mentelity,,,,,,,,,,,,,,,,,,,https://res.cloudinary.com/hua42kke/image/upload/v1786552061/akino/ready/akino-mentelity-2.png,2,AKINO Mentality Classic Oversized Tee,
akino-mentelity,,,,,,,,,,,,,,,,,,,https://res.cloudinary.com/hua42kke/image/upload/v1786552062/akino/ready/akino-mentelity-3.png,3,AKINO Mentality Classic Oversized Tee,